Title,Category,Original_Price,Price
بالطو رجالي فاخر,بالطوهات,"EGP2,800.00","EGP1,400.00"
بالطو قطيفة رجالي –,بالطوهات,,"EGP2,000.00-EGP3,000.00"
بالطو كاروه,بالطوهات,"EGP2,800.00","EGP1,400.00"
بالطو كروازي رجالي مصنوع من خامة الجوخ التركي الفاخرة,بالطوهات,"EGP2,800.00","EGP1,500.00"
بالطو كروازيه,بالطوهات,"EGP3,000.00","EGP1,500.00"
بليزر جينز فاخر بلونين فاتح وغامق,بليزرات,"EGP1,500.00","EGP1,200.00"
بليزر رجالي من الجابردين الهندي,بليزرات,,EGP399.00-EGP450.00
بليزر كتان 2 زرار,بليزرات,"EGP1,500.00",EGP750.00
بليزر هندي رجالي,بليزرات,"EGP1,600.00",EGP750.00
تصميم كاروه أنيق,بليزرات,"EGP1,600.00",EGP799.00
تصميم مزدوج بطبقة خارجية بأزرار وطبقة داخلية بسحاب,بالطوهات,"EGP3,000.00","EGP1,500.00"
تيشيرت بولو بتصميم أنيق تطريز,تيشيرت,EGP800.00,EGP200.00
تيشيرت بولو تطريز 2حصان,تيشيرت,EGP800.00,EGP200.00
تيشيرتات بولو,تيشيرت,EGP800.00,EGP400.00
جاكت dg,جاكيتات,"EGP6,000.00","EGP3,000.00"
جاكت تويد كاروه,جاكيتات,"EGP2,800.00","EGP1,400.00"
جاكت جلد*قطيفة,جاكيتات,"EGP4,000.00","EGP2,000.00"
جاكت جوخ تركي,جاكيتات,"EGP3,000.00","EGP1,500.00"
قميص رجالي فاخر من الكتان الإسباني المستورد,قمصان كلاسيكية,EGP650.00,EGP399.00
قميص كتان عالي الجودة,قمصان كلاسيكية,EGP800.00,EGP400.00
معطف أنيق طويل للرجال مزود بقبعة مدمجة,بالطوهات,"EGP3,000.00","EGP1,400.00"
هاف بالطو جوخ تركي,بالطوهات,"EGP2,800.00","EGP1,400.00"
هاف بالطو قطيفة رجالي,بالطوهات,"EGP3,500.00","EGP1,700.00"
